time,generation fossil brown coal/lignite,generation fossil coal-derived gas,generation fossil gas,generation fossil hard coal,generation fossil oil,generation fossil oil shale,generation fossil peat
01-01-15,6178,0,102162,101917,3845,0,0
02-01-15,0,0,84976,29688,4767,0,0
03-01-15,0,0,82663,32262,5438,0,0
04-01-15,0,0,83270,53879,8530,0,0
05-01-15,430,0,78256,44880,5482,0,0
06-01-15,22086,0,107998,158312,7845,0,0
07-01-15,22173,0,129222,190181,8857,0,0
08-01-15,13115,0,106659,165167,7598,0,0
09-01-15,21008,0,137818,180334,8345,0,0
10-01-15,20851,0,129963,173629,9939,0,0
11-01-15,0,0,93832,53363,5045,0,0
12-01-15,22445,0,217797,174019,9859,0,0
13-01-15,20417,0,145684,159679,7760,0,0
14-01-15,20693,0,149537,167844,7916,0,0
15-01-15,19270,0,99906,142105,8030,0,0
16-01-15,17147,0,111113,132404,8145,0,0
17-01-15,20127,0,111689,131953,6939,0,0
18-01-15,19368,0,113245,121909,6400,0,0
19-01-15,19109,0,119845,151536,6899,0,0
20-01-15,21633,0,179451,186847,7598,0,0
21-01-15,21437,0,134251,178258,7868,0,0
22-01-15,19935,0,126376,171801,7841,0,0
23-01-15,18771,0,122152,173501,8069,0,0
24-01-15,12810,0,96289,140124,6758,0,0
25-01-15,10762,0,89338,93859,6147,0,0
26-01-15,19640,0,128602,154981,7358,0,0
27-01-15,18839,0,110635,162016,7479,0,0
28-01-15,11270,0,119958,157955,7572,0,0
29-01-15,386,0,91606,112599,7976,0,0
30-01-15,0,0,84357,41127,7251,0,0
31-01-15,0,0,66407,28327,4757,0,0
01-02-15,7532,0,134010,133718,6804,0,0
02-02-15,0,0,111320,101611,6436,0,0
03-02-15,0,0,116560,69900,6695,0,0
04-02-15,0,0,86453,44181,6237,0,0
05-02-15,0,0,115075,64321,6838,0,0
06-02-15,22979,0,107405,173080,8424,0,0
07-02-15,22943,0,165944,184764,8770,0,0
08-02-15,10062,0,94577,119520,7081,0,0
09-02-15,21752,0,129280,179110,8927,0,0
10-02-15,20655,0,124279,166738,9818,0,0
11-02-15,0,0,116272,110548,6527,0,0
12-02-15,22630,0,230481,179111,9997,0,0
13-02-15,20440,0,117807,167765,8930,0,0
14-02-15,401,0,82537,59588,7026,0,0
15-02-15,0,0,83181,48982,5513,0,0
16-02-15,11168,0,122148,105258,8224,0,0
17-02-15,10083,0,92689,84863,8693,0,0
18-02-15,12542,0,117898,110346,8697,0,0
19-02-15,13096,0,146923,131277,9239,0,0
20-02-15,14008,0,127950,133671,9124,0,0
21-02-15,326,0,88598,48766,6818,0,0
22-02-15,0,0,81405,30545,5311,0,0
23-02-15,0,0,84722,35806,7718,0,0
24-02-15,0,0,91808,34206,7516,0,0
25-02-15,0,0,92361,45704,7536,0,0
26-02-15,0,0,98288,52831,7986,0,0
27-02-15,0,0,93067,53763,7735,0,0
28-02-15,0,0,87981,48922,5909,0,0
01-03-15,7568,0,122820,143917,6595,0,0
02-03-15,0,0,109741,117593,7392,0,0
03-03-15,0,0,136167,103267,7378,0,0
04-03-15,0,0,98486,40510,5982,0,0
05-03-15,0,0,125544,59344,5814,0,0
06-03-15,23104,0,114269,172231,8492,0,0
07-03-15,22320,0,126672,173848,9721,0,0
08-03-15,18629,0,142555,169733,8051,0,0
09-03-15,20016,0,119300,163362,9076,0,0
10-03-15,18855,0,118977,151579,7666,0,0
11-03-15,3431,0,119068,141747,8787,0,0
12-03-15,21660,0,184386,177983,10015,0,0
13-03-15,117,0,95642,81580,7453,0,0
14-03-15,0,0,90959,61697,6542,0,0
15-03-15,0,0,102418,75985,6387,0,0
16-03-15,5245,0,138639,131665,7205,0,0
17-03-15,6811,0,108082,137373,7663,0,0
18-03-15,5683,0,108117,118659,7567,0,0
19-03-15,0,0,95334,79734,7806,0,0
20-03-15,0,0,92554,66291,7587,0,0
21-03-15,0,0,101907,62761,6822,0,0
22-03-15,0,0,95491,38528,6271,0,0
23-03-15,15618,0,126288,104811,7572,0,0
24-03-15,12439,0,105882,106615,8109,0,0
25-03-15,121,0,93126,75778,8246,0,0
26-03-15,0,0,99566,84963,8689,0,0
27-03-15,0,0,101194,86101,8901,0,0
28-03-15,0,0,92272,52791,6964,0,0
29-03-15,0,0,82898,30323,5526,0,0
30-03-15,0,0,93865,62533,8048,0,0
31-03-15,0,0,86542,72425,8938,0,0
01-04-15,6561,0,112905,132624,6391,0,0
02-04-15,0,0,116493,116360,7397,0,0
03-04-15,0,0,94269,58226,7191,0,0
04-04-15,0,0,82487,36461,6165,0,0
05-04-15,0,0,119113,82073,8041,0,0
06-04-15,22952,0,114210,161662,8317,0,0
07-04-15,22543,0,122174,167859,7810,0,0
08-04-15,22002,0,156058,185277,8049,0,0
09-04-15,18204,0,117284,152199,9016,0,0
10-04-15,2353,0,99487,63466,7527,0,0
11-04-15,10620,0,127749,161283,9057,0,0
12-04-15,22410,0,204528,181805,9603,0,0
13-04-15,0,0,100134,77624,7850,0,0
14-04-15,0,0,92688,103690,7954,0,0
15-04-15,13566,0,117852,109639,8076,0,0
16-04-15,20372,0,114877,108457,8775,0,0
17-04-15,22199,0,133087,116358,9590,0,0
18-04-15,12806,0,108962,89473,7923,0,0
19-04-15,1547,0,107472,81128,6955,0,0
20-04-15,12811,0,117575,127659,8613,0,0
21-04-15,11420,0,97242,111147,8920,0,0
22-04-15,12878,0,118184,120940,8434,0,0
23-04-15,15520,0,122399,132063,8283,0,0
24-04-15,21120,0,139326,140086,8937,0,0
25-04-15,916,0,122133,76586,7221,0,0
26-04-15,0,0,119895,61596,6161,0,0
27-04-15,0,0,104893,85650,8116,0,0
28-04-15,15778,0,131152,126658,8878,0,0
29-04-15,22960,0,132268,146369,8994,0,0
30-04-15,20982,0,108729,145995,9001,0,0
01-05-15,14347,0,155476,151652,7340,0,0
02-05-15,2461,0,122113,120227,8011,0,0
03-05-15,0,0,96772,36670,6331,0,0
04-05-15,0,0,80998,29296,6071,0,0
05-05-15,14951,0,109714,101118,8588,0,0
06-05-15,22789,0,118867,156477,8090,0,0
07-05-15,21662,0,104462,162088,7286,0,0
08-05-15,22736,0,133550,179977,8397,0,0
09-05-15,17978,0,97981,133667,7160,0,0
10-05-15,0,0,98770,66999,8898,0,0
11-05-15,12932,0,122287,150983,8917,0,0
12-05-15,20583,0,154318,178364,7653,0,0
13-05-15,21837,0,107692,107386,8828,0,0
14-05-15,939,0,93566,88856,8904,0,0
15-05-15,0,0,88910,60547,8776,0,0
16-05-15,0,0,87179,36359,6840,0,0
17-05-15,0,0,97919,25806,6438,0,0
18-05-15,6073,0,126794,88170,8485,0,0
19-05-15,287,0,93938,80013,9179,0,0
20-05-15,0,0,97459,85762,8981,0,0
21-05-15,0,0,92462,70133,8751,0,0
22-05-15,0,0,93796,58886,8952,0,0
23-05-15,0,0,83996,48513,6531,0,0
24-05-15,0,0,92939,44325,6022,0,0
25-05-15,0,0,117007,68902,8138,0,0
26-05-15,0,0,101072,80580,8959,0,0
27-05-15,13560,0,99908,93522,9243,0,0
28-05-15,23147,0,107697,116859,8964,0,0
29-05-15,21175,0,109499,126574,9061,0,0
30-05-15,21388,0,101902,123965,7469,0,0
31-05-15,19620,0,95977,117916,6167,0,0
01-06-15,13889,0,123803,148131,7256,0,0
02-06-15,7274,0,143616,134291,8362,0,0
03-06-15,0,0,134543,69104,7321,0,0
04-06-15,0,0,87913,42635,7695,0,0
05-06-15,22709,0,140105,133889,9077,0,0
06-06-15,22814,0,102152,128896,6458,0,0
07-06-15,17833,0,166887,188985,9080,0,0
08-06-15,20911,0,172766,170771,8183,0,0
09-06-15,11939,0,101035,132009,6445,0,0
10-06-15,3066,0,101844,97618,9149,0,0
11-06-15,12845,0,121346,154757,9095,0,0
12-06-15,16303,0,120847,153293,7674,0,0
13-06-15,20632,0,104558,147754,6376,0,0
14-06-15,20992,0,101536,140611,5840,0,0
15-06-15,21420,0,108453,157525,6759,0,0
16-06-15,20993,0,99189,155355,7706,0,0
17-06-15,17830,0,98604,123533,7566,0,0
18-06-15,19476,0,102231,126363,7670,0,0
19-06-15,20507,0,103530,131955,7765,0,0
20-06-15,13556,0,95857,126550,6264,0,0
21-06-15,13779,0,102876,144355,5778,0,0
22-06-15,15907,0,119746,182005,7279,0,0
23-06-15,14756,0,119675,189844,8538,0,0
24-06-15,16010,0,119574,184909,8075,0,0
25-06-15,15601,0,140168,189299,8343,0,0
26-06-15,17248,0,137774,185532,8608,0,0
27-06-15,15532,0,110844,175314,6901,0,0
28-06-15,19559,0,102413,174726,6704,0,0
29-06-15,22542,0,136729,181890,8384,0,0
30-06-15,22329,0,127601,191003,9175,0,0
01-07-15,22943,0,193179,174166,7710,0,0
02-07-15,7542,0,142991,148259,7457,0,0
03-07-15,0,0,112686,70528,6288,0,0
04-07-15,0,0,95114,61286,8943,0,0
05-07-15,18082,0,104564,119704,9183,0,0
06-07-15,14481,0,100427,112837,6097,0,0
07-07-15,16109,0,197787,189198,9367,0,0
08-07-15,19912,0,160031,158984,8757,0,0
09-07-15,15114,0,137534,160047,8715,0,0
10-07-15,17521,0,138273,175886,9623,0,0
11-07-15,104,0,99046,141377,7544,0,0
12-07-15,17753,0,111652,147842,8843,0,0
13-07-15,22526,0,201829,168243,8797,0,0
14-07-15,22909,0,196283,173287,9422,0,0
15-07-15,22826,0,201697,177093,9387,0,0
16-07-15,18390,0,207794,181350,9553,0,0
17-07-15,15070,0,214124,188698,9270,0,0
18-07-15,18259,0,141575,171356,7289,0,0
19-07-15,22085,0,118426,163046,7333,0,0
20-07-15,18971,0,214820,187583,8687,0,0
21-07-15,14789,0,230652,187690,9774,0,0
22-07-15,8964,0,221245,179229,9581,0,0
23-07-15,12108,0,213418,183878,9662,0,0
24-07-15,21642,0,146760,180993,9407,0,0
25-07-15,18257,0,105886,157308,7912,0,0
26-07-15,17459,0,102563,153789,7154,0,0
27-07-15,20057,0,150837,173060,8677,0,0
28-07-15,22840,0,163696,179628,9441,0,0
29-07-15,22553,0,171284,187282,9327,0,0
30-07-15,21800,0,138527,185335,9374,0,0
31-07-15,17994,0,123241,181899,9440,0,0
01-08-15,22927,0,186394,190112,8295,0,0
02-08-15,5835,0,109686,112133,6483,0,0
03-08-15,0,0,100821,51996,5704,0,0
04-08-15,0,0,87751,75428,9108,0,0
05-08-15,115,0,95547,83754,7845,0,0
06-08-15,21108,0,119568,152964,7299,0,0
07-08-15,22092,0,171857,176573,9770,0,0
08-08-15,13941,0,108334,142091,7446,0,0
09-08-15,21252,0,140283,171277,9467,0,0
10-08-15,20114,0,133763,169357,8024,0,0
11-08-15,0,0,102955,80031,6821,0,0
12-08-15,16372,0,144587,146098,8792,0,0
13-08-15,15932,0,101757,134284,8529,0,0
14-08-15,18044,0,107444,136371,8647,0,0
15-08-15,7556,0,101901,128434,6939,0,0
16-08-15,6105,0,106381,132661,6711,0,0
17-08-15,17408,0,125249,163048,7607,0,0
18-08-15,18619,0,115214,167129,8425,0,0
19-08-15,19937,0,114298,171015,8645,0,0
20-08-15,21743,0,119547,179189,8771,0,0
21-08-15,22224,0,131660,182769,8600,0,0
22-08-15,19082,0,101693,154892,7712,0,0
23-08-15,898,0,79274,49954,5516,0,0
24-08-15,9434,0,109933,110744,7260,0,0
25-08-15,18063,0,137800,164476,8104,0,0
26-08-15,16892,0,105281,145618,5716,0,0
27-08-15,18150,0,108773,152110,7965,0,0
28-08-15,17338,0,127729,176213,8658,0,0
29-08-15,12161,0,103366,146013,7111,0,0
30-08-15,11335,0,88940,138497,6894,0,0
31-08-15,21134,0,172316,174141,8128,0,0
01-09-15,22250,0,155900,189811,8527,0,0
02-09-15,15144,0,132668,142397,7961,0,0
03-09-15,14779,0,118917,107934,6986,0,0
04-09-15,4351,0,99852,106002,8552,0,0
05-09-15,0,0,115513,111617,7450,0,0
06-09-15,21817,0,116771,166988,8157,0,0
07-09-15,21724,0,181605,174930,9563,0,0
08-09-15,5885,0,105430,122205,6619,0,0
09-09-15,20066,0,139677,175161,9720,0,0
10-09-15,20602,0,135360,169255,7139,0,0
11-09-15,17057,0,138510,163651,8785,0,0
12-09-15,20073,0,190718,159794,9633,0,0
13-09-15,838,0,81310,52054,7293,0,0
14-09-15,5009,0,123552,92829,9088,0,0
15-09-15,2386,0,100521,95109,10117,0,0
16-09-15,0,0,90269,64709,7956,0,0
17-09-15,9951,0,116635,112096,8660,0,0
18-09-15,19314,0,127369,141627,9783,0,0
19-09-15,5747,0,105862,119117,7019,0,0
20-09-15,4935,0,105057,118532,7125,0,0
21-09-15,17433,0,129080,158652,7310,0,0
22-09-15,16472,0,110100,136580,7263,0,0
23-09-15,17956,0,116915,136222,7266,0,0
24-09-15,19411,0,117987,151259,7605,0,0
25-09-15,19867,0,124357,157176,8679,0,0
26-09-15,20762,0,112177,141981,7353,0,0
27-09-15,927,0,107486,119280,7263,0,0
28-09-15,10214,0,115413,150405,8867,0,0
29-09-15,20126,0,120978,163869,9859,0,0
30-09-15,19524,0,119150,169547,9716,0,0
01-10-15,20901,0,129703,168634,7100,0,0
02-10-15,21548,0,148360,181292,8538,0,0
03-10-15,21487,0,115853,135881,7629,0,0
04-10-15,11344,0,111016,116960,8491,0,0
05-10-15,171,0,99255,67938,6559,0,0
06-10-15,22909,0,121816,157082,7939,0,0
07-10-15,22783,0,181303,182296,9805,0,0
08-10-15,18399,0,152215,163458,8085,0,0
09-10-15,21684,0,138663,177023,8340,0,0
10-10-15,7008,0,112873,107274,5889,0,0
11-10-15,22232,0,148363,172562,9110,0,0
12-10-15,21892,0,215022,167982,9538,0,0
13-10-15,5308,0,113748,120360,7320,0,0
14-10-15,5593,0,115725,133416,8655,0,0
15-10-15,18333,0,137479,164309,7639,0,0
16-10-15,21350,0,142969,177483,7596,0,0
17-10-15,831,0,106296,92846,5881,0,0
18-10-15,0,0,118194,97528,5811,0,0
19-10-15,15989,0,130058,142502,7776,0,0
20-10-15,15345,0,105927,124091,7671,0,0
21-10-15,18030,0,114034,123276,7068,0,0
22-10-15,12478,0,117720,141251,8669,0,0
23-10-15,13875,0,130839,160368,9939,0,0
24-10-15,12989,0,108454,151356,7995,0,0
25-10-15,11266,0,107313,125823,7851,0,0
26-10-15,12435,0,128823,132375,9008,0,0
27-10-15,5476,0,109423,128621,7848,0,0
28-10-15,5338,0,101425,122993,6674,0,0
29-10-15,5852,0,127664,135261,6910,0,0
30-10-15,0,0,101529,116345,7602,0,0
31-10-15,0,0,100174,118203,5667,0,0
01-11-15,12230,0,112834,129292,6577,0,0
02-11-15,22342,0,174010,187413,8893,0,0
03-11-15,19441,0,113206,132393,7445,0,0
04-11-15,14326,0,112698,118440,7792,0,0
05-11-15,20673,0,112985,108082,8337,0,0
06-11-15,22007,0,136684,158942,7954,0,0
07-11-15,22219,0,123921,168569,7795,0,0
08-11-15,22252,0,149090,174310,7876,0,0
09-11-15,19873,0,122614,159595,8895,0,0
10-11-15,541,0,123774,89648,5267,0,0
11-11-15,16464,0,153029,175877,9124,0,0
12-11-15,22288,0,213481,167676,9613,0,0
13-11-15,22086,0,118528,171818,9857,0,0
14-11-15,18088,0,106378,148687,7234,0,0
15-11-15,11492,0,109714,141355,7138,0,0
16-11-15,18695,0,138661,160934,8871,0,0
17-11-15,20805,0,143485,163035,9340,0,0
18-11-15,21390,0,147468,165793,9521,0,0
19-11-15,20585,0,149290,165791,9405,0,0
20-11-15,16976,0,104341,125940,9131,0,0
21-11-15,0,0,74483,32772,6349,0,0
22-11-15,600,0,95662,44781,6226,0,0
23-11-15,18943,0,165882,124620,8512,0,0
24-11-15,21560,0,164666,161077,9438,0,0
25-11-15,17508,0,98172,143387,9434,0,0
26-11-15,16604,0,99275,157526,9205,0,0
27-11-15,18327,0,118562,164089,9593,0,0
28-11-15,11293,0,91513,153420,7596,0,0
29-11-15,11246,0,115468,147711,7471,0,0
30-11-15,19751,0,189300,164522,9277,0,0
01-12-15,20208,0,132120,161322,7174,0,0
02-12-15,21931,0,165655,182073,8761,0,0
03-12-15,15528,0,115260,106674,7505,0,0
04-12-15,635,0,94589,59424,6329,0,0
05-12-15,22935,0,118822,118384,9040,0,0
06-12-15,22651,0,121746,167457,8054,0,0
07-12-15,22671,0,116273,159791,7326,0,0
08-12-15,21592,0,143714,178836,7835,0,0
09-12-15,18124,0,104946,126984,7817,0,0
10-12-15,0,0,119538,96723,5218,0,0
11-12-15,17505,0,158429,174052,9525,0,0
12-12-15,22360,0,154351,172927,7839,0,0
13-12-15,17009,0,109977,150208,7606,0,0
14-12-15,19667,0,129032,158867,8621,0,0
15-12-15,18589,0,104724,161886,9196,0,0
16-12-15,18861,0,142631,159823,9672,0,0
17-12-15,19864,0,136446,164771,9756,0,0
18-12-15,19332,0,138409,163855,9629,0,0
19-12-15,405,0,89513,150270,7676,0,0
20-12-15,1167,0,119167,134995,6930,0,0
21-12-15,12869,0,155953,144024,9020,0,0
22-12-15,13047,0,137184,132423,9432,0,0
23-12-15,13967,0,155530,145839,9719,0,0
24-12-15,462,0,97058,129275,7532,0,0
25-12-15,0,0,104300,73585,4418,0,0
26-12-15,0,0,107267,55368,5827,0,0
27-12-15,0,0,85078,32682,6070,0,0
28-12-15,0,0,89238,42768,7744,0,0
29-12-15,5174,0,104398,88160,8696,0,0
30-12-15,103,0,96742,78555,8654,0,0
31-12-15,0,0,113413,83491,7053,0,0
01-01-16,0,0,89375,29006,4889,0,0
02-01-16,14858,0,121483,125363,9273,0,0
03-01-16,0,0,90495,53714,7288,0,0
04-01-16,0,0,103940,32866,8649,0,0
05-01-16,0,0,68469,21916,4687,0,0
06-01-16,0,0,101548,39330,7255,0,0
07-01-16,13817,0,146762,128087,7429,0,0
08-01-16,15172,0,127099,121526,6365,0,0
09-01-16,20750,0,139424,151533,7572,0,0
10-01-16,12902,0,111965,112808,5722,0,0
11-01-16,14237,0,112088,127503,6905,0,0
12-01-16,21461,0,249732,166950,6650,0,0
13-01-16,0,0,117526,94337,9397,0,0
14-01-16,0,0,130317,96139,9406,0,0
15-01-16,0,0,116689,83193,9541,0,0
16-01-16,0,0,97148,55622,7364,0,0
17-01-16,1443,0,101668,54152,7178,0,0
18-01-16,11533,0,128289,83896,8920,0,0
19-01-16,14230,0,196369,128592,9763,0,0
20-01-16,17894,0,192294,146780,9730,0,0
21-01-16,21689,0,180661,159031,9726,0,0
22-01-16,21686,0,142162,146925,9737,0,0
23-01-16,10947,0,103844,114227,7369,0,0
24-01-16,116,0,88385,51968,7452,0,0
25-01-16,13794,0,130336,123999,9240,0,0
26-01-16,21919,0,138124,160181,9901,0,0
27-01-16,19582,0,135146,119100,9659,0,0
28-01-16,19177,0,137526,124637,9535,0,0
29-01-16,21083,0,140248,130322,9849,0,0
30-01-16,2648,0,95635,95264,7670,0,0
31-01-16,0,0,86966,49267,6953,0,0
01-02-16,0,0,91206,30556,5797,0,0
02-02-16,18413,0,126017,139732,9699,0,0
03-02-16,0,0,84383,47866,7236,0,0
04-02-16,0,0,89142,31096,7025,0,0
05-02-16,0,0,81385,26298,5982,0,0
06-02-16,0,0,120698,61391,7324,0,0
07-02-16,407,0,103963,101405,5317,0,0
08-02-16,20009,0,142156,132046,6886,0,0
09-02-16,21725,0,150135,161229,7398,0,0
10-02-16,12815,0,97885,96031,5577,0,0
11-02-16,18657,0,209928,139985,7043,0,0
12-02-16,21179,0,272848,163530,6972,0,0
13-02-16,0,0,61638,26047,6552,0,0
14-02-16,0,0,58498,25720,5169,0,0
15-02-16,0,0,86998,29657,7481,0,0
16-02-16,2989,0,120049,55445,8996,0,0
17-02-16,5919,0,126816,99676,9005,0,0
18-02-16,6271,0,140678,115084,8603,0,0
19-02-16,5015,0,124270,116225,8220,0,0
20-02-16,0,0,94764,69481,6056,0,0
21-02-16,0,0,96681,28139,5081,0,0
22-02-16,0,0,123789,74655,7819,0,0
23-02-16,0,0,92527,69997,8039,0,0
24-02-16,0,0,85803,67675,8178,0,0
25-02-16,0,0,82894,48690,8132,0,0
26-02-16,0,0,78082,53383,8062,0,0
27-02-16,0,0,46374,27395,5764,0,0
28-02-16,0,0,43540,28572,5918,0,0
29-02-16,0,0,64304,40242,7558,0,0
01-03-16,0,0,89083,25311,6023,0,0
02-03-16,385,0,98464,84310,9429,0,0
03-03-16,0,0,90978,48015,7371,0,0
04-03-16,0,0,76233,24644,6903,0,0
05-03-16,0,0,90082,26753,6230,0,0
06-03-16,0,0,121080,64359,7371,0,0
07-03-16,0,0,105197,72566,5223,0,0
08-03-16,21953,0,143470,133530,6954,0,0
09-03-16,15295,0,125576,144577,6434,0,0
10-03-16,19551,0,139571,108283,6567,0,0
11-03-16,21224,0,227060,141070,7024,0,0
12-03-16,14506,0,131042,143553,5435,0,0
13-03-16,0,0,77255,26923,6705,0,0
14-03-16,4676,0,123447,83147,7345,0,0
15-03-16,6820,0,141994,111792,7706,0,0
16-03-16,4790,0,95763,97802,7737,0,0
17-03-16,6892,0,128911,115213,7778,0,0
18-03-16,7035,0,119845,117821,8107,0,0
19-03-16,5563,0,91723,102771,6871,0,0
20-03-16,0,0,92985,88167,6781,0,0
21-03-16,0,0,107264,96645,7779,0,0
22-03-16,0,0,96739,81303,8019,0,0
23-03-16,0,0,80502,43897,8008,0,0
24-03-16,0,0,79277,31267,6564,0,0
25-03-16,0,0,84306,26713,6637,0,0
26-03-16,0,0,80070,24216,5630,0,0
27-03-16,0,0,61514,21981,4692,0,0
28-03-16,0,0,72692,25369,6876,0,0
29-03-16,0,0,85943,38623,7926,0,0
30-03-16,0,0,82995,38843,8146,0,0
31-03-16,0,0,81029,29050,8210,0,0
01-04-16,0,0,99811,39970,8386,0,0
02-04-16,0,0,108545,92957,8884,0,0
03-04-16,0,0,76547,31954,7448,0,0
04-04-16,0,0,93455,35732,7664,0,0
05-04-16,0,0,104628,35103,6350,0,0
06-04-16,0,0,104230,39806,6399,0,0
07-04-16,10075,0,143815,119392,6587,0,0
08-04-16,21527,0,120810,136485,7004,0,0
09-04-16,15086,0,125839,134690,5746,0,0
10-04-16,22048,0,168385,114412,7034,0,0
11-04-16,20050,0,223342,135612,6999,0,0
12-04-16,14585,0,95993,102615,5113,0,0
13-04-16,0,0,92016,31614,6481,0,0
14-04-16,0,0,86556,25737,6289,0,0
15-04-16,0,0,87773,30028,6432,0,0
16-04-16,0,0,67758,25159,4991,0,0
17-04-16,0,0,75919,25789,4805,0,0
18-04-16,0,0,90780,34644,6034,0,0
19-04-16,0,0,82732,29326,6284,0,0
20-04-16,0,0,101456,31518,6032,0,0
21-04-16,0,0,105501,30885,5858,0,0
22-04-16,0,0,122461,37519,6328,0,0
23-04-16,0,0,77470,24347,4564,0,0
24-04-16,0,0,72454,21950,4204,0,0
25-04-16,0,0,85496,29669,6029,0,0
26-04-16,0,0,88197,40727,6322,0,0
27-04-16,0,0,96924,46946,6014,0,0
28-04-16,0,0,98828,51390,6218,0,0
29-04-16,0,0,94547,41795,6050,0,0
30-04-16,0,0,77439,25083,4570,0,0
01-05-16,0,0,89980,42366,9539,0,0
02-05-16,0,0,121404,103133,9061,0,0
03-05-16,0,0,58098,24349,6253,0,0
04-05-16,0,0,84791,23046,8008,0,0
05-05-16,0,0,108463,53273,6737,0,0
06-05-16,0,0,112228,40397,5204,0,0
07-05-16,13762,0,135188,141397,7036,0,0
08-05-16,12571,0,115100,110577,7281,0,0
09-05-16,21535,0,176841,147055,6205,0,0
10-05-16,21970,0,150395,113941,7100,0,0
11-05-16,18440,0,96786,103317,6132,0,0
12-05-16,14258,0,203691,135039,5993,0,0
13-05-16,0,0,100431,25391,6400,0,0
14-05-16,0,0,81812,18637,5337,0,0
15-05-16,0,0,81318,15169,5176,0,0
16-05-16,2918,0,94177,21052,6417,0,0
17-05-16,5869,0,106866,37964,7195,0,0
18-05-16,5439,0,111239,39675,7478,0,0
19-05-16,104,0,111316,43909,7353,0,0
20-05-16,0,0,103039,41234,7121,0,0
21-05-16,0,0,89365,19171,5396,0,0
22-05-16,0,0,81078,16867,5416,0,0
23-05-16,3856,0,116805,30397,6499,0,0
24-05-16,6268,0,109724,37537,6893,0,0
25-05-16,6188,0,117615,52533,7214,0,0
26-05-16,0,0,108689,51046,7000,0,0
27-05-16,0,0,108932,46132,7117,0,0
28-05-16,0,0,85269,20585,5400,0,0
29-05-16,0,0,82614,17780,4977,0,0
30-05-16,0,0,102012,37619,6617,0,0
31-05-16,0,0,108712,46041,7214,0,0
01-06-16,0,0,78600,30016,8020,0,0
02-06-16,0,0,87161,36148,6772,0,0
03-06-16,0,0,66237,24941,6336,0,0
04-06-16,0,0,108253,22774,8390,0,0
05-06-16,0,0,93566,50419,6912,0,0
06-06-16,4432,0,139221,72356,6631,0,0
07-06-16,14152,0,137337,140561,6960,0,0
08-06-16,410,0,95540,49003,5789,0,0
09-06-16,20468,0,206078,148657,6816,0,0
10-06-16,22568,0,182705,128269,7064,0,0
11-06-16,16874,0,103148,66363,4954,0,0
12-06-16,14264,0,204770,147400,6526,0,0
13-06-16,0,0,118171,38892,6804,0,0
14-06-16,0,0,108923,37037,7368,0,0
15-06-16,0,0,110215,24171,7218,0,0
16-06-16,0,0,110261,24860,7565,0,0
17-06-16,0,0,125294,47301,7396,0,0
18-06-16,0,0,103449,35113,6509,0,0
19-06-16,0,0,98180,23933,5818,0,0
20-06-16,0,0,110176,72303,7098,0,0
21-06-16,0,0,124683,85793,7444,0,0
22-06-16,0,0,111726,76984,7184,0,0
23-06-16,0,0,119515,77303,7021,0,0
24-06-16,0,0,110952,72691,7097,0,0
25-06-16,0,0,105833,36943,6555,0,0
26-06-16,0,0,85591,29627,5972,0,0
27-06-16,0,0,110990,86749,7295,0,0
28-06-16,5250,0,137869,121442,7847,0,0
29-06-16,12840,0,149571,130122,7732,0,0
30-06-16,15174,0,151901,133327,7584,0,0
01-07-16,0,0,85222,34137,9312,0,0
02-07-16,0,0,77031,27575,6712,0,0
03-07-16,4816,0,94589,36452,7522,0,0
04-07-16,0,0,92543,25844,7800,0,0
05-07-16,0,0,80483,25417,5052,0,0
06-07-16,12039,0,136165,111687,7340,0,0
07-07-16,14904,0,154722,146478,7125,0,0
08-07-16,0,0,90874,35163,5488,0,0
09-07-16,19401,0,187238,150562,6855,0,0
10-07-16,20185,0,193572,136474,7168,0,0
11-07-16,20385,0,174593,120331,6344,0,0
12-07-16,14252,0,195394,149912,6508,0,0
13-07-16,324,0,135100,95395,7433,0,0
14-07-16,0,0,126348,77750,7015,0,0
15-07-16,0,0,126463,76981,7290,0,0
16-07-16,0,0,115815,75273,6195,0,0
17-07-16,0,0,103997,79716,5832,0,0
18-07-16,9425,0,143860,117980,6879,0,0
19-07-16,17960,0,153109,139753,7206,0,0
20-07-16,20444,0,154146,143150,7698,0,0
21-07-16,21776,0,160238,145138,7925,0,0
22-07-16,13512,0,124834,113223,7805,0,0
23-07-16,117,0,99392,71111,6074,0,0
24-07-16,0,0,99326,65674,5469,0,0
25-07-16,14097,0,137741,103350,6568,0,0
26-07-16,19610,0,145784,114836,7249,0,0
27-07-16,19924,0,147646,115663,6822,0,0
28-07-16,20352,0,159674,121055,7197,0,0
29-07-16,21251,0,162093,131558,7342,0,0
30-07-16,10997,0,119329,105877,6249,0,0
31-07-16,549,0,91082,81395,5250,0,0
01-08-16,0,0,86737,38479,8723,0,0
02-08-16,0,0,95116,36725,8664,0,0
03-08-16,4534,0,106057,48864,8022,0,0
04-08-16,0,0,88637,28322,7085,0,0
05-08-16,0,0,67525,21380,3804,0,0
06-08-16,13141,0,134942,108765,7295,0,0
07-08-16,15357,0,152583,128624,7199,0,0
08-08-16,0,0,120033,59454,6664,0,0
09-08-16,20451,0,158353,152204,7101,0,0
10-08-16,13437,0,118484,129275,5983,0,0
11-08-16,21109,0,155775,129757,6949,0,0
12-08-16,14426,0,115910,136760,6939,0,0
13-08-16,0,0,95353,74813,5721,0,0
14-08-16,0,0,94980,57128,5167,0,0
15-08-16,0,0,105575,61911,5251,0,0
16-08-16,15132,0,135469,105229,6878,0,0
17-08-16,20488,0,133094,121543,7363,0,0
18-08-16,15116,0,136826,124055,7739,0,0
19-08-16,7924,0,133201,126143,7300,0,0
20-08-16,633,0,112696,66891,6363,0,0
21-08-16,0,0,100074,59916,5373,0,0
22-08-16,12092,0,126246,118528,6337,0,0
23-08-16,19779,0,130778,126355,7049,0,0
24-08-16,18595,0,106834,122972,7554,0,0
25-08-16,19145,0,110009,120036,7348,0,0
26-08-16,20246,0,117186,129661,7515,0,0
27-08-16,20720,0,100612,129104,6083,0,0
28-08-16,13884,0,92101,112638,5859,0,0
29-08-16,18380,0,121861,129053,6811,0,0
30-08-16,19247,0,136270,144047,7321,0,0
31-08-16,21658,0,133954,155709,7320,0,0
01-09-16,0,0,80504,29925,7319,0,0
02-09-16,0,0,84524,41069,8997,0,0
03-09-16,0,0,81381,34162,7981,0,0
04-09-16,0,0,72224,24443,5732,0,0
05-09-16,2730,0,98389,28012,5999,0,0
06-09-16,13990,0,141506,114676,7183,0,0
07-09-16,7672,0,117553,97100,5825,0,0
08-09-16,0,0,110676,53887,6692,0,0
09-09-16,21987,0,147477,156566,7062,0,0
10-09-16,11588,0,94974,90026,4702,0,0
11-09-16,21648,0,156327,131928,6784,0,0
12-09-16,19862,0,131624,128483,6980,0,0
13-09-16,19260,0,112401,121665,7133,0,0
14-09-16,11888,0,114089,116012,7050,0,0
15-09-16,12532,0,108689,109641,7014,0,0
16-09-16,12968,0,103271,97593,7089,0,0
17-09-16,97,0,81718,65175,5528,0,0
18-09-16,0,0,81299,62615,5591,0,0
19-09-16,11798,0,115689,107515,6767,0,0
20-09-16,20170,0,121185,130998,7370,0,0
21-09-16,22176,0,131609,137370,7316,0,0
22-09-16,22619,0,126691,144010,7329,0,0
23-09-16,22388,0,123994,147410,7339,0,0
24-09-16,12395,0,88829,104409,5777,0,0
25-09-16,6342,0,92739,97563,5491,0,0
26-09-16,13030,0,129440,129172,6317,0,0
27-09-16,13369,0,123162,130051,7056,0,0
28-09-16,13249,0,120250,132224,6953,0,0
29-09-16,13227,0,123709,130090,7130,0,0
30-09-16,14094,0,127433,135980,7092,0,0
01-10-16,0,0,70523,19970,5526,0,0
02-10-16,0,0,84370,37631,9298,0,0
03-10-16,1947,0,85066,30215,7537,0,0
04-10-16,0,0,73851,21933,5369,0,0
05-10-16,6032,0,105973,28870,6736,0,0
06-10-16,461,0,122977,73950,7336,0,0
07-10-16,6165,0,113100,81836,5642,0,0
08-10-16,0,0,87961,40622,7294,0,0
09-10-16,22102,0,112039,141638,5947,0,0
10-10-16,18510,0,185288,116077,6073,0,0
11-10-16,21182,0,204190,142153,6959,0,0
12-10-16,21419,0,138351,113060,6282,0,0
13-10-16,23003,0,228516,124367,7167,0,0
14-10-16,21919,0,177607,113407,7021,0,0
15-10-16,17387,0,103887,78674,5701,0,0
16-10-16,16360,0,99244,78157,5285,0,0
17-10-16,16296,0,216625,115113,6584,0,0
18-10-16,18383,0,234328,118824,6790,0,0
19-10-16,22626,0,237798,132693,6936,0,0
20-10-16,21871,0,212405,149931,6976,0,0
21-10-16,22036,0,219217,143617,7089,0,0
22-10-16,14456,0,122590,138046,5164,0,0
23-10-16,12024,0,82150,98176,5406,0,0
24-10-16,20006,0,169264,124368,6822,0,0
25-10-16,22033,0,195471,134841,7333,0,0
26-10-16,21091,0,212821,142004,7509,0,0
27-10-16,14035,0,183475,138568,7505,0,0
28-10-16,15988,0,183491,128709,7496,0,0
29-10-16,21793,0,125700,123993,6699,0,0
30-10-16,22471,0,121047,125999,6142,0,0
31-10-16,15662,0,126676,124483,6738,0,0
01-11-16,0,0,81666,25217,7477,0,0
02-11-16,0,0,90077,36760,8879,0,0
03-11-16,5869,0,86282,36822,7974,0,0
04-11-16,0,0,92674,28142,6650,0,0
05-11-16,6317,0,113126,32098,6656,0,0
06-11-16,0,0,109059,57863,5845,0,0
07-11-16,7295,0,153623,118749,6743,0,0
08-11-16,0,0,94300,53193,7265,0,0
09-11-16,19621,0,94772,124922,5299,0,0
10-11-16,15049,0,200261,123735,7055,0,0
11-11-16,21305,0,204103,142902,6843,0,0
12-11-16,22443,0,151841,130335,5514,0,0
13-11-16,13970,0,125810,110478,5072,0,0
14-11-16,18837,0,159505,118715,6390,0,0
15-11-16,21248,0,219282,132960,6714,0,0
16-11-16,21295,0,286121,134162,6847,0,0
17-11-16,21226,0,261906,132819,6949,0,0
18-11-16,21167,0,226464,135837,6731,0,0
19-11-16,20923,0,107157,128583,5674,0,0
20-11-16,18728,0,95622,47374,4972,0,0
21-11-16,19525,0,138872,98868,6022,0,0
22-11-16,21258,0,227159,154244,6869,0,0
23-11-16,21471,0,187147,155356,6839,0,0
24-11-16,21317,0,166798,158578,6831,0,0
25-11-16,21461,0,164898,152200,6871,0,0
26-11-16,21334,0,100124,125136,5785,0,0
27-11-16,21052,0,105955,126353,5237,0,0
28-11-16,21534,0,201861,150687,6106,0,0
29-11-16,22028,0,225878,167113,6524,0,0
30-11-16,21400,0,163748,158574,6897,0,0
01-12-16,0,0,110615,68664,9086,0,0
02-12-16,0,0,77484,34420,8387,0,0
03-12-16,0,0,75884,35723,6752,0,0
04-12-16,0,0,99935,32671,6588,0,0
05-12-16,5853,0,106903,32211,6565,0,0
06-12-16,0,0,102366,44336,5907,0,0
07-12-16,6828,0,145147,120828,7095,0,0
08-12-16,0,0,115485,78013,7229,0,0
09-12-16,20720,0,113158,133300,6657,0,0
10-12-16,19272,0,155459,122924,6567,0,0
11-12-16,14464,0,211110,117614,5768,0,0
12-12-16,22663,0,250806,160664,6592,0,0
13-12-16,22936,0,265724,171040,7514,0,0
14-12-16,23157,0,265596,169549,7415,0,0
15-12-16,23422,0,269307,158148,7408,0,0
16-12-16,22852,0,211544,145307,7431,0,0
17-12-16,20516,0,102469,110707,5656,0,0
18-12-16,19875,0,104247,101398,5227,0,0
19-12-16,22317,0,184357,148122,6032,0,0
20-12-16,22848,0,194912,160050,6511,0,0
21-12-16,22841,0,182695,161086,6768,0,0
22-12-16,23004,0,187894,167130,7154,0,0
23-12-16,15647,0,151284,165381,7399,0,0
24-12-16,18768,0,90933,137907,5187,0,0
25-12-16,20104,0,92642,105701,4485,0,0
26-12-16,20885,0,104987,122448,6176,0,0
27-12-16,22560,0,134814,137187,6807,0,0
28-12-16,21696,0,119266,143746,6721,0,0
29-12-16,21609,0,117623,134522,6631,0,0
30-12-16,22548,0,141946,143471,6840,0,0
31-12-16,21687,0,108483,144048,5265,0,0
01-01-17,21910,0,110090,132781,4163,0,0
02-01-17,20370,0,130507,154275,7493,0,0
03-01-17,19265,0,114736,75942,7510,0,0
04-01-17,0,0,89157,32148,6297,0,0
05-01-17,758,0,96648,37628,5214,0,0
06-01-17,14642,0,183263,154750,7707,0,0
07-01-17,14963,0,118175,76494,6856,0,0
08-01-17,20650,0,219607,134564,7515,0,0
09-01-17,14243,0,122678,62139,8307,0,0
10-01-17,15701,0,149057,93934,6259,0,0
11-01-17,13503,0,116074,107784,7736,0,0
12-01-17,22713,0,223318,155636,8174,0,0
13-01-17,22086,0,136140,160126,7085,0,0
14-01-17,21825,0,109002,155028,5717,0,0
15-01-17,20124,0,98681,153998,4927,0,0
16-01-17,14216,0,119111,156846,6078,0,0
17-01-17,14208,0,132027,155135,6879,0,0
18-01-17,14960,0,182563,158842,6967,0,0
19-01-17,14835,0,224363,149993,6707,0,0
20-01-17,15160,0,272735,152764,7071,0,0
21-01-17,14806,0,176102,136797,6341,0,0
22-01-17,14642,0,140525,136866,5483,0,0
23-01-17,14713,0,193116,165100,6573,0,0
24-01-17,14994,0,203654,173438,7280,0,0
25-01-17,18567,0,248395,165450,7315,0,0
26-01-17,22927,0,200541,165197,7288,0,0
27-01-17,21947,0,142055,165321,7070,0,0
28-01-17,21409,0,103788,125042,6261,0,0
29-01-17,21817,0,103013,122799,5581,0,0
30-01-17,15548,0,135746,144539,6731,0,0
31-01-17,14850,0,176101,155778,7380,0,0
01-02-17,21576,0,129988,141505,5927,0,0
02-02-17,14789,0,100055,96729,7387,0,0
03-02-17,14018,0,115705,86845,7586,0,0
04-02-17,0,0,95272,34006,6231,0,0
05-02-17,12313,0,113149,100172,6459,0,0
06-02-17,14629,0,197274,145770,7784,0,0
07-02-17,5138,0,107084,56380,5962,0,0
08-02-17,21499,0,220368,137817,7152,0,0
09-02-17,14092,0,100866,41237,7359,0,0
10-02-17,19578,0,212700,97688,7322,0,0
11-02-17,11481,0,233752,130178,8091,0,0
12-02-17,15004,0,173293,149768,6620,0,0
13-02-17,5292,0,108825,109217,6350,0,0
14-02-17,6480,0,121484,126152,7070,0,0
15-02-17,8290,0,131808,126269,7312,0,0
16-02-17,18497,0,144681,134214,7678,0,0
17-02-17,14858,0,149676,146052,7607,0,0
18-02-17,14107,0,127781,123419,6947,0,0
19-02-17,15678,0,93553,92489,6181,0,0
20-02-17,19130,0,135396,114867,6645,0,0
21-02-17,12959,0,129002,123658,7219,0,0
22-02-17,13948,0,132222,116707,7600,0,0
23-02-17,21063,0,147430,111033,7592,0,0
24-02-17,18061,0,114448,108219,7477,0,0
25-02-17,19463,0,111956,86994,6718,0,0
26-02-17,19978,0,96731,88870,5953,0,0
27-02-17,16482,0,96919,62230,6329,0,0
28-02-17,17092,0,95671,56577,7264,0,0
01-03-17,22386,0,170453,156170,7000,0,0
02-03-17,12217,0,102289,70036,7371,0,0
03-03-17,772,0,100343,48615,7486,0,0
04-03-17,10983,0,120769,58987,6793,0,0
05-03-17,12568,0,100581,111913,7056,0,0
06-03-17,18847,0,124964,115170,6588,0,0
07-03-17,16297,0,160464,103102,7231,0,0
08-03-17,20835,0,216812,138488,7324,0,0
09-03-17,9595,0,117673,44438,6334,0,0
10-03-17,21199,0,229133,115530,7931,0,0
11-03-17,12043,0,242451,132275,8211,0,0
12-03-17,17895,0,171404,148898,6322,0,0
13-03-17,0,0,92581,42598,7184,0,0
14-03-17,0,0,96517,41857,7485,0,0
15-03-17,0,0,100481,38829,7916,0,0
16-03-17,2,0,115233,40218,7944,0,0
17-03-17,1,0,115690,49145,7941,0,0
18-03-17,0,0,111853,50190,6748,0,0
19-03-17,0,0,109469,41710,6226,0,0
20-03-17,0,0,121306,49629,7310,0,0
21-03-17,0,0,100912,49617,7468,0,0
22-03-17,0,0,96127,43240,7214,0,0
23-03-17,5030,0,122307,53949,7404,0,0
24-03-17,7478,0,171397,57309,7759,0,0
25-03-17,5828,0,95693,46499,6547,0,0
26-03-17,355,0,89179,35028,6223,0,0
27-03-17,8350,0,121059,64023,7274,0,0
28-03-17,11981,0,119706,87048,7615,0,0
29-03-17,11178,0,121804,76267,7743,0,0
30-03-17,12403,0,105753,57526,7638,0,0
31-03-17,11158,0,101299,36808,7477,0,0
01-04-17,22295,0,162174,158138,7292,0,0
02-04-17,5981,0,86027,50484,5766,0,0
03-04-17,0,0,83684,42348,6143,0,0
04-04-17,10722,0,98686,59533,7122,0,0
05-04-17,12718,0,108661,105835,7099,0,0
06-04-17,15168,0,112825,81976,5688,0,0
07-04-17,20182,0,171128,126457,7987,0,0
08-04-17,19035,0,219107,138459,7591,0,0
09-04-17,10023,0,184308,86965,7370,0,0
10-04-17,21870,0,253103,119498,7983,0,0
11-04-17,11987,0,156677,105570,6918,0,0
12-04-17,23398,0,310032,163001,7725,0,0
13-04-17,11742,0,107637,77451,6460,0,0
14-04-17,10882,0,105024,48276,6236,0,0
15-04-17,5067,0,98087,36985,5282,0,0
16-04-17,4880,0,95143,37417,5174,0,0
17-04-17,9827,0,100759,54613,6540,0,0
18-04-17,9879,0,84222,50047,5812,0,0
19-04-17,100,0,89198,28458,5464,0,0
20-04-17,0,0,91040,35583,5484,0,0
21-04-17,3807,0,91874,43907,6112,0,0
22-04-17,6266,0,90109,56138,5060,0,0
23-04-17,5768,0,103906,69090,4784,0,0
24-04-17,7615,0,118092,78323,5571,0,0
25-04-17,10328,0,112197,71351,6001,0,0
26-04-17,10363,0,106550,71947,6377,0,0
27-04-17,11736,0,110477,76497,6443,0,0
28-04-17,11437,0,103981,75923,6609,0,0
29-04-17,9309,0,87414,64700,5883,0,0
30-04-17,98,0,80163,30942,4297,0,0
01-05-17,18362,0,143691,151202,7292,0,0
02-05-17,557,0,83249,35387,4570,0,0
03-05-17,0,0,79469,33310,5808,0,0
04-05-17,0,0,96477,43664,6721,0,0
05-05-17,10887,0,94537,67211,7173,0,0
06-05-17,16359,0,119328,97044,7313,0,0
07-05-17,20259,0,185298,136249,8078,0,0
08-05-17,14774,0,154923,85318,6611,0,0
09-05-17,14815,0,212716,94656,7999,0,0
10-05-17,19191,0,233282,117971,7929,0,0
11-05-17,5201,0,102645,52287,6577,0,0
12-05-17,23213,0,364926,159022,8474,0,0
13-05-17,5759,0,93179,71284,6817,0,0
14-05-17,10833,0,94208,66916,6260,0,0
15-05-17,11470,0,117225,113510,7148,0,0
16-05-17,12097,0,115088,141024,7387,0,0
17-05-17,11503,0,107751,136420,7224,0,0
18-05-17,10697,0,91911,98649,7520,0,0
19-05-17,12708,0,110448,102359,7530,0,0
20-05-17,13005,0,95850,98986,6446,0,0
21-05-17,9744,0,93764,73530,5728,0,0
22-05-17,7390,0,124388,119118,6924,0,0
23-05-17,12796,0,107811,123266,7536,0,0
24-05-17,13366,0,115544,133859,7547,0,0
25-05-17,13737,0,151374,148596,7518,0,0
26-05-17,13999,0,154866,159053,7180,0,0
27-05-17,13131,0,104077,110739,6284,0,0
28-05-17,8819,0,100914,81251,5643,0,0
29-05-17,9305,0,140505,137810,7035,0,0
30-05-17,18452,0,150046,154107,7577,0,0
31-05-17,20144,0,147504,151318,7340,0,0
01-06-17,14549,0,145750,140741,6462,0,0
02-06-17,13894,0,110026,83419,5905,0,0
03-06-17,0,0,99124,34710,6634,0,0
04-06-17,0,0,98953,44184,6855,0,0
05-06-17,9740,0,87814,65705,6155,0,0
06-06-17,20183,0,139126,116163,7729,0,0
07-06-17,19041,0,203121,138175,7988,0,0
08-06-17,9669,0,116894,52619,6100,0,0
09-06-17,14627,0,166205,79519,8051,0,0
10-06-17,10117,0,190881,116440,8091,0,0
11-06-17,12158,0,189375,115360,7266,0,0
12-06-17,23467,0,294792,156329,7874,0,0
13-06-17,5820,0,180732,147574,7274,0,0
14-06-17,0,0,226419,156761,6942,0,0
15-06-17,1241,0,215496,161031,7542,0,0
16-06-17,146,0,205093,149321,7869,0,0
17-06-17,6497,0,164213,137568,5914,0,0
18-06-17,5957,0,141731,132368,5574,0,0
19-06-17,6698,0,215607,154886,7244,0,0
20-06-17,17755,0,248330,171322,7922,0,0
21-06-17,20806,0,280702,162207,7830,0,0
22-06-17,19803,0,283303,167149,7423,0,0
23-06-17,17618,0,235506,167782,7854,0,0
24-06-17,20424,0,161181,157105,6783,0,0
25-06-17,19545,0,124043,149108,5812,0,0
26-06-17,12494,0,206359,152839,7190,0,0
27-06-17,6236,0,146888,135508,7815,0,0
28-06-17,9453,0,88109,71010,7911,0,0
29-06-17,12320,0,104771,71657,7632,0,0
30-06-17,14486,0,109338,77070,7922,0,0
01-07-17,14606,0,139932,129570,5676,0,0
02-07-17,18497,0,121746,125610,7129,0,0
03-07-17,12781,0,101469,51652,7584,0,0
04-07-17,0,0,109344,58716,6977,0,0
05-07-17,10504,0,93804,73035,5314,0,0
06-07-17,18733,0,151518,121527,7903,0,0
07-07-17,19232,0,201695,133093,8161,0,0
08-07-17,14400,0,196617,80172,7724,0,0
09-07-17,15346,0,182699,79555,8190,0,0
10-07-17,11009,0,144334,108118,6470,0,0
11-07-17,13445,0,225866,129283,7249,0,0
12-07-17,22914,0,236196,157818,8229,0,0
13-07-17,22996,0,247573,143644,8224,0,0
14-07-17,21277,0,222497,129807,8206,0,0
15-07-17,13110,0,156500,111445,6907,0,0
16-07-17,12102,0,149841,92143,5844,0,0
17-07-17,19196,0,204136,133376,7436,0,0
18-07-17,20071,0,191828,132552,8404,0,0
19-07-17,21442,0,209313,129961,8243,0,0
20-07-17,21205,0,217481,126138,8229,0,0
21-07-17,18978,0,211774,114350,8433,0,0
22-07-17,10259,0,158659,95530,6709,0,0
23-07-17,10215,0,134645,86652,6086,0,0
24-07-17,12431,0,154567,98541,7094,0,0
25-07-17,12293,0,158040,89182,7970,0,0
26-07-17,11427,0,204900,107345,8248,0,0
27-07-17,14991,0,239587,114419,8157,0,0
28-07-17,20512,0,236463,113110,8137,0,0
29-07-17,17405,0,152535,109707,7041,0,0
30-07-17,14594,0,131136,102623,6014,0,0
31-07-17,18133,0,193664,114921,7313,0,0
01-08-17,14733,0,125536,118035,5472,0,0
02-08-17,13360,0,121306,142296,7407,0,0
03-08-17,9569,0,126808,75562,7809,0,0
04-08-17,0,0,107618,62741,6261,0,0
05-08-17,6155,0,104238,96843,6547,0,0
06-08-17,19535,0,128465,120881,7634,0,0
07-08-17,19002,0,158569,118804,6165,0,0
08-08-17,14769,0,181359,77349,8277,0,0
09-08-17,14536,0,193727,81674,8216,0,0
10-08-17,11316,0,140885,112355,5714,0,0
11-08-17,14144,0,211865,137044,7640,0,0
12-08-17,22439,0,162512,140208,7555,0,0
13-08-17,6008,0,112117,40093,5718,0,0
14-08-17,12350,0,131968,48795,7246,0,0
15-08-17,14283,0,137798,52049,7430,0,0
16-08-17,14520,0,184410,63998,8103,0,0
17-08-17,14574,0,186866,77106,8304,0,0
18-08-17,14247,0,177740,75506,8121,0,0
19-08-17,95,0,123502,54949,6661,0,0
20-08-17,0,0,107002,44370,6052,0,0
21-08-17,12094,0,181666,83160,7321,0,0
22-08-17,19529,0,203423,101942,8161,0,0
23-08-17,20470,0,212319,104155,8053,0,0
24-08-17,18813,0,189514,97434,8183,0,0
25-08-17,14314,0,195804,110353,8195,0,0
26-08-17,5718,0,159772,90507,7188,0,0
27-08-17,4765,0,136455,76926,6288,0,0
28-08-17,10401,0,205886,105404,7491,0,0
29-08-17,14354,0,214692,115229,8129,0,0
30-08-17,11149,0,198553,109475,8268,0,0
31-08-17,13572,0,163865,81714,8230,0,0
01-09-17,20478,0,195759,121629,6306,0,0
02-09-17,14859,0,147371,146673,7080,0,0
03-09-17,6295,0,129127,74002,8073,0,0
04-09-17,0,0,102080,50207,6185,0,0
05-09-17,6534,0,105631,105793,6893,0,0
06-09-17,13643,0,179021,121061,7870,0,0
07-09-17,16451,0,129957,117729,5710,0,0
08-09-17,13316,0,150803,71464,8442,0,0
09-09-17,856,0,92695,41601,7242,0,0
10-09-17,19922,0,238091,137656,7326,0,0
11-09-17,13628,0,206027,136506,7889,0,0
12-09-17,13829,0,161047,130543,7317,0,0
13-09-17,15488,0,202589,77335,8022,0,0
14-09-17,14681,0,156464,74362,7972,0,0
15-09-17,13801,0,132978,59105,7970,0,0
16-09-17,10140,0,126445,58940,7254,0,0
17-09-17,10307,0,128583,60881,6419,0,0
18-09-17,14384,0,144262,71289,7593,0,0
19-09-17,20026,0,180854,91170,8016,0,0
20-09-17,22987,0,234871,74711,8128,0,0
21-09-17,22204,0,214257,94017,8251,0,0
22-09-17,19553,0,180480,97151,8275,0,0
23-09-17,15968,0,164640,82386,6821,0,0
24-09-17,16457,0,148762,83816,6379,0,0
25-09-17,20820,0,192494,106490,7497,0,0
26-09-17,21409,0,214718,122429,7978,0,0
27-09-17,22030,0,219163,128193,7972,0,0
28-09-17,21734,0,228205,122005,7934,0,0
29-09-17,21470,0,229799,122161,7699,0,0
30-09-17,19424,0,169392,106230,7264,0,0
01-10-17,21870,0,144695,135325,6966,0,0
02-10-17,13029,0,163415,147969,7128,0,0
03-10-17,5105,0,128898,58513,7922,0,0
04-10-17,10209,0,110681,72120,6894,0,0
05-10-17,4291,0,108080,99784,7134,0,0
06-10-17,11927,0,129233,121622,6456,0,0
07-10-17,19624,0,210685,130159,7122,0,0
08-10-17,9330,0,125748,55993,8317,0,0
09-10-17,0,0,91909,40333,5992,0,0
10-10-17,21872,0,274993,148153,7626,0,0
11-10-17,13645,0,225194,138735,8101,0,0
12-10-17,5112,0,100287,77606,6306,0,0
13-10-17,13713,0,186443,146289,7345,0,0
14-10-17,14100,0,149249,115398,7020,0,0
15-10-17,9186,0,104929,86877,5509,0,0
16-10-17,12647,0,172311,110375,6509,0,0
17-10-17,14256,0,185481,126711,7337,0,0
18-10-17,14685,0,211279,127285,7516,0,0
19-10-17,14281,0,221210,117982,7454,0,0
20-10-17,14405,0,166544,101964,7377,0,0
21-10-17,9412,0,129163,85859,6226,0,0
22-10-17,9497,0,134119,78348,5232,0,0
23-10-17,19175,0,221009,93422,6638,0,0
24-10-17,20944,0,225600,107104,6855,0,0
25-10-17,21803,0,233430,123994,6800,0,0
26-10-17,21973,0,233915,121390,6820,0,0
27-10-17,21304,0,178188,115813,6735,0,0
28-10-17,9276,0,118869,62019,5476,0,0
29-10-17,9482,0,117570,57894,6010,0,0
30-10-17,14826,0,165082,97192,7189,0,0
31-10-17,17206,0,218332,117014,8115,0,0
01-11-17,22408,0,170890,146121,6980,0,0
02-11-17,7046,0,103068,109516,5227,0,0
03-11-17,4676,0,100392,40998,6647,0,0
04-11-17,13285,0,107626,77520,7164,0,0
05-11-17,5264,0,84834,55664,7480,0,0
06-11-17,3005,0,114836,93702,5779,0,0
07-11-17,19678,0,254311,132729,8144,0,0
08-11-17,9573,0,134834,64919,7707,0,0
09-11-17,9267,0,122089,53769,7267,0,0
10-11-17,21530,0,238120,148147,7939,0,0
11-11-17,14163,0,148721,131628,7279,0,0
12-11-17,9234,0,139574,109890,7162,0,0
13-11-17,17961,0,150863,124360,7405,0,0
14-11-17,18601,0,217976,137765,7240,0,0
15-11-17,22757,0,308793,163586,7684,0,0
16-11-17,22916,0,333076,168636,7958,0,0
17-11-17,21145,0,310221,168152,7694,0,0
18-11-17,15228,0,198166,166312,6444,0,0
19-11-17,14277,0,182428,158783,6155,0,0
20-11-17,15583,0,319533,156439,7113,0,0
21-11-17,17421,0,296899,163824,7572,0,0
22-11-17,14434,0,226874,154407,7551,0,0
23-11-17,16083,0,210186,147813,7537,0,0
24-11-17,18499,0,226244,146953,8083,0,0
25-11-17,18356,0,140990,142567,7180,0,0
26-11-17,18088,0,136528,135420,6261,0,0
27-11-17,21363,0,280129,157740,7565,0,0
28-11-17,23020,0,320319,162177,8224,0,0
29-11-17,22914,0,283722,165228,8031,0,0
30-11-17,22931,0,282827,168911,8079,0,0
01-12-17,22275,0,155631,161406,7123,0,0
02-12-17,4414,0,79024,51328,4448,0,0
03-12-17,0,0,86109,35427,5904,0,0
04-12-17,13603,0,122434,83777,7188,0,0
05-12-17,5261,0,87851,61733,7673,0,0
06-12-17,6092,0,139521,128990,7041,0,0
07-12-17,20360,0,256408,136175,8000,0,0
08-12-17,9449,0,128604,42807,6686,0,0
09-12-17,14684,0,183783,71106,8034,0,0
10-12-17,15050,0,176467,145743,7098,0,0
11-12-17,14874,0,116952,103775,6470,0,0
12-12-17,21936,0,225047,149466,8092,0,0
13-12-17,18212,0,204329,156319,8006,0,0
14-12-17,9498,0,158260,150436,8086,0,0
15-12-17,7547,0,148792,152408,8057,0,0
16-12-17,8228,0,121467,149749,6896,0,0
17-12-17,9886,0,112100,146231,6468,0,0
18-12-17,19756,0,201332,161854,7648,0,0
19-12-17,21011,0,227190,165498,8146,0,0
20-12-17,22074,0,231100,175982,7812,0,0
21-12-17,21875,0,204199,168242,8167,0,0
22-12-17,20293,0,131674,151051,8317,0,0
23-12-17,18358,0,101635,108776,6592,0,0
24-12-17,18283,0,100502,103631,5499,0,0
25-12-17,11122,0,99306,50651,4927,0,0
26-12-17,407,0,95952,47334,7378,0,0
27-12-17,0,0,90648,39011,7809,0,0
28-12-17,0,0,90528,40480,7758,0,0
29-12-17,0,0,93494,40480,7731,0,0
30-12-17,0,0,91972,21663,5252,0,0
31-12-17,0,0,79610,20477,4375,0,0
01-01-18,0,0,72019,24303,4704,0,0
02-01-18,17898,0,139374,95695,7707,0,0
03-01-18,0,0,115621,106174,7367,0,0
04-01-18,0,0,89143,24719,4478,0,0
05-01-18,0,0,91693,34877,6053,0,0
06-01-18,10054,0,144082,125441,7400,0,0
07-01-18,14982,0,112662,65611,5581,0,0
08-01-18,10516,0,163494,117385,6890,0,0
09-01-18,15913,0,104204,89013,5519,0,0
10-01-18,10475,0,117813,81540,7112,0,0
11-01-18,11698,0,123033,95013,6718,0,0
12-01-18,0,0,123023,108160,5927,0,0
13-01-18,12783,0,145387,140215,6925,0,0
14-01-18,12418,0,120938,133261,6085,0,0
15-01-18,12560,0,165972,148783,7420,0,0
16-01-18,8877,0,119590,118715,8121,0,0
17-01-18,11885,0,143637,122823,7916,0,0
18-01-18,13580,0,171701,137280,7768,0,0
19-01-18,13640,0,158278,126374,7981,0,0
20-01-18,5367,0,105589,62220,6301,0,0
21-01-18,97,0,98501,42379,5735,0,0
22-01-18,6402,0,147985,89583,7143,0,0
23-01-18,12596,0,195608,111551,7400,0,0
24-01-18,11443,0,195153,104164,7882,0,0
25-01-18,12651,0,171368,81285,7887,0,0
26-01-18,379,0,127739,42852,7675,0,0
27-01-18,0,0,116037,37624,6194,0,0
28-01-18,0,0,101699,36560,5945,0,0
29-01-18,14616,0,169192,93175,7239,0,0
30-01-18,19875,0,190205,109994,7789,0,0
31-01-18,21691,0,190920,108246,7728,0,0
01-02-18,0,0,92606,29575,7202,0,0
02-02-18,6843,0,135147,77006,7776,0,0
03-02-18,0,0,120318,96267,8078,0,0
04-02-18,0,0,88317,24204,6876,0,0
05-02-18,0,0,93355,38229,7159,0,0
06-02-18,9888,0,119646,101764,6087,0,0
07-02-18,15394,0,135011,97717,6944,0,0
08-02-18,14716,0,198064,122516,6530,0,0
09-02-18,17710,0,101197,91568,5287,0,0
10-02-18,10828,0,114958,85905,7429,0,0
11-02-18,11263,0,179557,92655,6943,0,0
12-02-18,0,0,100569,88189,5443,0,0
13-02-18,18437,0,113510,103541,8104,0,0
14-02-18,16556,0,101019,88485,7920,0,0
15-02-18,17932,0,147436,110002,7833,0,0
16-02-18,21030,0,178278,131741,8028,0,0
17-02-18,11464,0,101690,84173,6620,0,0
18-02-18,11302,0,104426,68235,5637,0,0
19-02-18,13394,0,155855,95996,7385,0,0
20-02-18,8099,0,118316,95797,8023,0,0
21-02-18,5890,0,114029,93868,8022,0,0
22-02-18,10426,0,125971,120276,7867,0,0
23-02-18,13979,0,157933,147549,7951,0,0
24-02-18,13288,0,148879,154908,6302,0,0
25-02-18,7231,0,118839,134498,5304,0,0
26-02-18,6911,0,155742,131865,7316,0,0
27-02-18,7213,0,197906,142000,7819,0,0
28-02-18,3677,0,155949,136501,6960,0,0
01-03-18,0,0,102561,30584,7514,0,0
02-03-18,6501,0,106569,73680,6167,0,0
03-03-18,0,0,98538,45834,6826,0,0
04-03-18,0,0,91722,24399,6867,0,0
05-03-18,0,0,94266,36182,7126,0,0
06-03-18,9658,0,107976,74179,5704,0,0
07-03-18,15833,0,141159,112213,7506,0,0
08-03-18,16195,0,224916,130108,6922,0,0
09-03-18,18203,0,168744,114100,6797,0,0
10-03-18,14560,0,139848,111575,7682,0,0
11-03-18,11491,0,189624,101029,6060,0,0
12-03-18,0,0,187701,110798,6716,0,0
13-03-18,0,0,124879,27896,8134,0,0
14-03-18,0,0,109755,24538,8169,0,0
15-03-18,0,0,103644,24687,7654,0,0
16-03-18,0,0,134962,26444,8161,0,0
17-03-18,0,0,108718,34509,6554,0,0
18-03-18,0,0,104953,32730,5590,0,0
19-03-18,0,0,103564,34603,7304,0,0
20-03-18,0,0,102049,37584,7940,0,0
21-03-18,0,0,110540,40832,7933,0,0
22-03-18,0,0,134069,52542,8072,0,0
23-03-18,0,0,110014,47202,7955,0,0
24-03-18,0,0,88346,33474,4665,0,0
25-03-18,0,0,101911,33349,5182,0,0
26-03-18,0,0,119421,38110,7107,0,0
27-03-18,0,0,106009,38247,7836,0,0
28-03-18,0,0,102608,33213,7695,0,0
29-03-18,0,0,92355,30491,6390,0,0
30-03-18,0,0,79459,23431,5196,0,0
31-03-18,0,0,76578,24224,4654,0,0
01-04-18,0,0,95275,27837,6924,0,0
02-04-18,10659,0,110503,90508,5817,0,0
03-04-18,0,0,89992,45038,5925,0,0
04-04-18,0,0,95733,33240,6846,0,0
05-04-18,0,0,84363,30375,6973,0,0
06-04-18,9984,0,122500,95062,7040,0,0
07-04-18,15449,0,141134,105146,7545,0,0
08-04-18,15179,0,145743,118783,5964,0,0
09-04-18,18255,0,179906,130214,6938,0,0
10-04-18,14875,0,196750,130949,7347,0,0
11-04-18,12064,0,109613,110755,5409,0,0
12-04-18,0,0,228370,122146,7418,0,0
13-04-18,0,0,161302,80948,7338,0,0
14-04-18,0,0,103925,57790,5900,0,0
15-04-18,0,0,96527,39811,5515,0,0
16-04-18,0,0,112577,61118,6913,0,0
17-04-18,0,0,134657,72853,6782,0,0
18-04-18,0,0,103841,67507,6888,0,0
19-04-18,0,0,99663,52585,6545,0,0
20-04-18,0,0,97775,49766,6609,0,0
21-04-18,0,0,89962,39675,5307,0,0
22-04-18,0,0,96464,35937,4613,0,0
23-04-18,0,0,111998,54090,5351,0,0
24-04-18,0,0,83848,61176,5010,0,0
25-04-18,0,0,86626,59332,5434,0,0
26-04-18,0,0,96528,61159,5913,0,0
27-04-18,0,0,94627,56273,7009,0,0
28-04-18,0,0,81319,39663,4987,0,0
29-04-18,0,0,74403,30641,3501,0,0
30-04-18,0,0,90673,38256,5732,0,0
01-05-18,0,0,98038,34574,7603,0,0
02-05-18,18606,0,141627,129497,7200,0,0
03-05-18,9470,0,107060,73551,7552,0,0
04-05-18,0,0,113948,38980,7063,0,0
05-05-18,0,0,91349,31123,5123,0,0
06-05-18,9715,0,146761,95455,7198,0,0
07-05-18,15407,0,130025,95906,7087,0,0
08-05-18,15014,0,134449,115469,5390,0,0
09-05-18,18203,0,192517,137460,6936,0,0
10-05-18,14006,0,154328,123420,7505,0,0
11-05-18,11465,0,158299,113466,6924,0,0
12-05-18,0,0,211278,113162,7256,0,0
13-05-18,0,0,92979,35625,4542,0,0
14-05-18,0,0,103373,45085,6979,0,0
15-05-18,0,0,107079,43979,7427,0,0
16-05-18,0,0,98086,45259,7579,0,0
17-05-18,0,0,96075,55559,6969,0,0
18-05-18,0,0,113891,62656,6946,0,0
19-05-18,0,0,128438,49077,5740,0,0
20-05-18,3267,0,133726,62511,5105,0,0
21-05-18,5406,0,174188,89483,6891,0,0
22-05-18,4900,0,176122,98427,7240,0,0
23-05-18,11899,0,183483,102294,7035,0,0
24-05-18,14485,0,159877,106199,6942,0,0
25-05-18,14504,0,152016,115971,7285,0,0
26-05-18,9611,0,138650,106734,5727,0,0
27-05-18,9542,0,119304,93611,5198,0,0
28-05-18,9906,0,150017,121218,6644,0,0
29-05-18,9930,0,160127,135857,6995,0,0
30-05-18,13417,0,172273,132434,7425,0,0
31-05-18,10179,0,158826,129527,7149,0,0
01-06-18,0,0,116014,44090,6452,0,0
02-06-18,18401,0,133588,130737,7608,0,0
03-06-18,10842,0,105998,68652,8387,0,0
04-06-18,0,0,100677,39743,7070,0,0
05-06-18,0,0,99895,32254,4885,0,0
06-06-18,9874,0,165390,100105,7462,0,0
07-06-18,15816,0,134817,94681,7392,0,0
08-06-18,19280,0,213768,133419,6494,0,0
09-06-18,17767,0,158938,137156,6809,0,0
10-06-18,11581,0,106624,96634,6633,0,0
11-06-18,10866,0,137427,105628,7057,0,0
12-06-18,0,0,158136,87422,6516,0,0
13-06-18,0,0,127517,36966,7648,0,0
14-06-18,0,0,128387,46794,6718,0,0
15-06-18,0,0,137306,43269,7357,0,0
16-06-18,0,0,121696,36504,6112,0,0
17-06-18,0,0,110622,31863,5305,0,0
18-06-18,0,0,117544,38115,6778,0,0
19-06-18,0,0,120434,47821,6991,0,0
20-06-18,5141,0,155656,70042,7182,0,0
21-06-18,11759,0,146893,64203,7208,0,0
22-06-18,10971,0,129612,70459,7390,0,0
23-06-18,15221,0,118891,50324,6345,0,0
24-06-18,13798,0,124275,61155,5545,0,0
25-06-18,3,0,176608,99142,6919,0,0
26-06-18,8577,0,194796,89785,7609,0,0
27-06-18,14149,0,180488,86800,7175,0,0
28-06-18,15583,0,182947,89264,7021,0,0
29-06-18,15751,0,155994,93691,7329,0,0
30-06-18,15099,0,120502,76206,5890,0,0
01-07-18,11434,0,130842,66215,5744,0,0
02-07-18,18928,0,146441,135855,7698,0,0
03-07-18,12281,0,117668,84840,8103,0,0
04-07-18,0,0,109855,22236,4869,0,0
05-07-18,0,0,131957,55805,6722,0,0
06-07-18,10065,0,161633,95957,7109,0,0
07-07-18,15357,0,123605,74728,6360,0,0
08-07-18,15433,0,191688,127729,7891,0,0
09-07-18,17862,0,156699,119631,7653,0,0
10-07-18,392,0,98063,72191,5693,0,0
11-07-18,11047,0,173522,100984,6913,0,0
12-07-18,0,0,121385,88934,6752,0,0
13-07-18,15744,0,146880,112968,7083,0,0
14-07-18,15589,0,123475,110485,6164,0,0
15-07-18,15369,0,113147,87473,5022,0,0
16-07-18,14784,0,124000,93884,6524,0,0
17-07-18,15151,0,127339,113370,7093,0,0
18-07-18,15768,0,124940,111735,6656,0,0
19-07-18,15705,0,138325,113427,6440,0,0
20-07-18,15512,0,121181,106600,7448,0,0
21-07-18,9659,0,120651,78340,5769,0,0
22-07-18,9863,0,113262,68943,5570,0,0
23-07-18,10471,0,141942,112405,6762,0,0
24-07-18,15067,0,164495,127847,7277,0,0
25-07-18,15659,0,156835,124261,7100,0,0
26-07-18,15791,0,178316,123635,7487,0,0
27-07-18,15689,0,177186,105528,7525,0,0
28-07-18,15885,0,140034,66479,6723,0,0
29-07-18,10755,0,115338,62847,6147,0,0
30-07-18,10621,0,179065,97763,7379,0,0
31-07-18,10351,0,188440,119833,7512,0,0
01-08-18,20598,0,214674,141780,7543,0,0
02-08-18,17882,0,198979,153019,7656,0,0
03-08-18,379,0,107582,62034,8074,0,0
04-08-18,0,0,97133,30244,4739,0,0
05-08-18,0,0,133049,57898,6910,0,0
06-08-18,9827,0,162183,91657,7659,0,0
07-08-18,10233,0,119348,64295,5381,0,0
08-08-18,12137,0,163620,125950,7240,0,0
09-08-18,18019,0,110262,109725,6334,0,0
10-08-18,6460,0,168830,113954,7028,0,0
11-08-18,11399,0,186460,119551,6960,0,0
12-08-18,0,0,127955,85273,5553,0,0
13-08-18,9969,0,169972,89095,7122,0,0
14-08-18,7197,0,124091,75593,7548,0,0
15-08-18,0,0,109607,74321,6741,0,0
16-08-18,0,0,160578,88704,7582,0,0
17-08-18,0,0,113047,67103,7604,0,0
18-08-18,0,0,94870,48086,6094,0,0
19-08-18,0,0,92790,48676,5449,0,0
20-08-18,0,0,120134,85570,6496,0,0
21-08-18,0,0,185194,126671,7043,0,0
22-08-18,1228,0,213755,147790,7090,0,0
23-08-18,7028,0,187487,138575,6953,0,0
24-08-18,9961,0,130068,125693,7065,0,0
25-08-18,0,0,108515,85134,5806,0,0
26-08-18,0,0,107332,93824,5378,0,0
27-08-18,13753,0,163668,126574,6857,0,0
28-08-18,16849,0,163470,124026,7348,0,0
29-08-18,16753,0,186237,123862,7219,0,0
30-08-18,16871,0,180935,120164,7082,0,0
31-08-18,16763,0,150969,121604,7246,0,0
01-09-18,17569,0,165195,154050,8292,0,0
02-09-18,18092,0,186381,159173,7787,0,0
03-09-18,0,0,102605,40115,8031,0,0
04-09-18,0,0,120556,48464,6723,0,0
05-09-18,0,0,123982,64162,7351,0,0
06-09-18,9617,0,136899,53541,6175,0,0
07-09-18,13924,0,151395,93469,6923,0,0
08-09-18,11882,0,130512,100758,7324,0,0
09-09-18,17790,0,110125,110275,5696,0,0
10-09-18,17811,0,178876,125438,7737,0,0
11-09-18,11493,0,130180,77111,7261,0,0
12-09-18,0,0,134615,80131,5172,0,0
13-09-18,12018,0,170801,138245,7439,0,0
14-09-18,11930,0,167776,136641,7902,0,0
15-09-18,8476,0,130178,127339,6653,0,0
16-09-18,11660,0,108272,126230,5914,0,0
17-09-18,13341,0,164271,129674,7493,0,0
18-09-18,18037,0,183166,138731,7815,0,0
19-09-18,17692,0,172073,143865,7799,0,0
20-09-18,17691,0,167016,140503,7742,0,0
21-09-18,17616,0,144867,132297,7884,0,0
22-09-18,17609,0,143793,118736,6046,0,0
23-09-18,16685,0,114965,107035,5787,0,0
24-09-18,16991,0,122936,110694,7252,0,0
25-09-18,17287,0,110813,116387,7845,0,0
26-09-18,17651,0,125642,115251,7860,0,0
27-09-18,17915,0,148271,124787,7608,0,0
28-09-18,17441,0,153919,128167,7648,0,0
29-09-18,17091,0,108247,116032,6372,0,0
30-09-18,16567,0,97958,91432,5687,0,0
01-10-18,13438,0,123893,130047,8136,0,0
02-10-18,9949,0,113547,99177,6258,0,0
03-10-18,0,0,83650,25436,5701,0,0
04-10-18,0,0,112940,52219,7327,0,0
05-10-18,0,0,126924,61127,7613,0,0
06-10-18,9988,0,137476,30688,5675,0,0
07-10-18,15164,0,145080,115500,7596,0,0
08-10-18,12146,0,143803,96742,7760,0,0
09-10-18,17857,0,148015,110501,7051,0,0
10-10-18,17781,0,157277,122616,7652,0,0
11-10-18,399,0,105198,36473,5488,0,0
12-10-18,10847,0,188602,106800,6335,0,0
13-10-18,15142,0,104245,67779,6134,0,0
14-10-18,11422,0,97284,49956,5956,0,0
15-10-18,15068,0,168919,101218,7246,0,0
16-10-18,13699,0,229350,130036,7790,0,0
17-10-18,13766,0,205475,134637,7769,0,0
18-10-18,13865,0,150300,121654,7892,0,0
19-10-18,11602,0,140913,86541,7903,0,0
20-10-18,202,0,103008,79386,5389,0,0
21-10-18,0,0,127170,79455,5714,0,0
22-10-18,10848,0,130308,96074,7291,0,0
23-10-18,13849,0,154798,100398,7714,0,0
24-10-18,14862,0,178680,119342,7835,0,0
25-10-18,15577,0,207273,124465,7482,0,0
26-10-18,12625,0,213274,130024,7719,0,0
27-10-18,5934,0,105197,61125,6141,0,0
28-10-18,294,0,105077,51822,5844,0,0
29-10-18,4152,0,140011,72120,7130,0,0
30-10-18,9893,0,184949,102162,7817,0,0
31-10-18,11980,0,232338,122678,7660,0,0
01-11-18,8134,0,129568,124328,7662,0,0
02-11-18,5221,0,83045,79505,5840,0,0
03-11-18,0,0,68831,21288,4280,0,0
04-11-18,0,0,102438,45921,7331,0,0
05-11-18,0,0,142001,65048,7618,0,0
06-11-18,11107,0,160036,39352,7005,0,0
07-11-18,15585,0,138806,113834,7301,0,0
08-11-18,13066,0,122808,86352,6135,0,0
09-11-18,17991,0,113690,124262,7242,0,0
10-11-18,17142,0,138012,102680,7499,0,0
11-11-18,4266,0,121163,47099,4740,0,0
12-11-18,16188,0,223830,122476,7153,0,0
13-11-18,15440,0,217772,148733,6973,0,0
14-11-18,16136,0,196999,142834,6981,0,0
15-11-18,16169,0,213327,149240,6836,0,0
16-11-18,16930,0,202016,158029,6649,0,0
17-11-18,16022,0,127505,127854,5698,0,0
18-11-18,9962,0,115657,96563,5003,0,0
19-11-18,15415,0,250986,136927,6145,0,0
20-11-18,17150,0,206389,148319,6318,0,0
21-11-18,16129,0,206507,149012,6785,0,0
22-11-18,16014,0,232700,149832,6557,0,0
23-11-18,6463,0,226179,148918,6487,0,0
24-11-18,0,0,146642,134213,5890,0,0
25-11-18,0,0,128639,118525,4995,0,0
26-11-18,0,0,141354,130388,6606,0,0
27-11-18,0,0,217729,147099,7200,0,0
28-11-18,0,0,214334,137705,7157,0,0
29-11-18,0,0,210343,143915,7002,0,0
30-11-18,0,0,201673,143669,7460,0,0
01-12-18,12597,0,176613,142904,8154,0,0
02-12-18,16165,0,139740,107671,7230,0,0
03-12-18,0,0,102833,21848,7086,0,0
04-12-18,0,0,135522,62110,7201,0,0
05-12-18,0,0,92033,39813,6072,0,0
06-12-18,6297,0,127270,38615,7841,0,0
07-12-18,15902,0,162689,117415,6856,0,0
08-12-18,11301,0,117755,78640,5659,0,0
09-12-18,16697,0,147816,137453,7216,0,0
10-12-18,17141,0,105033,74047,7061,0,0
11-12-18,15697,0,228065,129611,6296,0,0
12-12-18,16452,0,203823,116937,7003,0,0
13-12-18,10861,0,138073,98342,6724,0,0
14-12-18,5336,0,177437,104161,7043,0,0
15-12-18,5320,0,114412,84737,5794,0,0
16-12-18,4955,0,99779,68295,5041,0,0
17-12-18,7052,0,210099,105245,6421,0,0
18-12-18,5497,0,177921,104435,7072,0,0
19-12-18,9855,0,176368,102702,7242,0,0
20-12-18,10765,0,185263,110695,6974,0,0
21-12-18,13785,0,143883,80864,6731,0,0
22-12-18,16336,0,148166,66039,6346,0,0
23-12-18,15623,0,163110,61951,5371,0,0
24-12-18,10874,0,174162,60847,4706,0,0
25-12-18,10830,0,143737,57502,4477,0,0
26-12-18,14274,0,193727,64060,6530,0,0
27-12-18,16761,0,233859,69578,7141,0,0
28-12-18,15748,0,193459,66650,6576,0,0
29-12-18,113,0,119564,41612,6124,0,0
30-12-18,0,0,126469,36607,5372,0,0
31-12-18,0,0,150191,52738,4792,0,0
